<keymap version="1" name="macOS copy" parent="Mac OS X 10.5+">
  <action id="Annotate">
    <keyboard-shortcut first-keystroke="meta b" />
  </action>
  <action id="ClassNameCompletion" />
  <action id="CommentByBlockComment">
    <keyboard-shortcut first-keystroke="shift meta slash" />
    <keyboard-shortcut first-keystroke="shift meta divide" />
    <keyboard-shortcut first-keystroke="shift meta divide" />
  </action>
  <action id="Console.TableResult.Reload" />
  <action id="Console.TableResult.SetDefault" />
  <action id="DatabaseView.Refresh" />
  <action id="DecrementWindowHeight" />
  <action id="EditSource">
    <keyboard-shortcut first-keystroke="f4" />
  </action>
  <action id="EditorCodeBlockEndWithSelection" />
  <action id="EditorMoveToPageTopWithSelection" />
  <action id="EditorTextEnd">
    <keyboard-shortcut first-keystroke="meta end" />
    <keyboard-shortcut first-keystroke="meta down" />
  </action>
  <action id="EditorTextEndWithSelection">
    <keyboard-shortcut first-keystroke="shift meta end" />
    <keyboard-shortcut first-keystroke="shift meta down" />
  </action>
  <action id="EditorTextStart">
    <keyboard-shortcut first-keystroke="meta home" />
    <keyboard-shortcut first-keystroke="meta up" />
  </action>
  <action id="EditorTextStartWithSelection">
    <keyboard-shortcut first-keystroke="shift meta home" />
    <keyboard-shortcut first-keystroke="shift meta up" />
  </action>
  <action id="FileStructurePopup">
    <keyboard-shortcut first-keystroke="meta f12" />
    <keyboard-shortcut first-keystroke="shift meta s" />
  </action>
  <action id="FindNext" />
  <action id="GotoDeclaration">
    <mouse-shortcut keystroke="meta button1" />
    <mouse-shortcut keystroke="Force touch" />
  </action>
  <action id="GotoLine">
    <keyboard-shortcut first-keystroke="meta g" />
  </action>
  <action id="IncrementWindowHeight" />
  <action id="Jdbc.OpenEditor.DDL">
    <mouse-shortcut keystroke="meta button1" />
    <mouse-shortcut keystroke="Force touch" />
  </action>
  <action id="MoveStatementDown" />
  <action id="MoveStatementUp" />
  <action id="ParameterInfo">
    <keyboard-shortcut first-keystroke="alt space" />
  </action>
  <action id="QuickImplementations">
    <keyboard-shortcut first-keystroke="meta y" />
  </action>
  <action id="Refresh" />
  <action id="RenameElement">
    <keyboard-shortcut first-keystroke="meta r" second-keystroke="meta r" />
  </action>
  <action id="Replace">
    <keyboard-shortcut first-keystroke="meta h" />
  </action>
  <action id="Rerun" />
  <action id="ResetColumnsWidth" />
  <action id="ResizeToolWindowDown" />
  <action id="ResizeToolWindowUp" />
  <action id="SearchEverywhere.NavigateToNextGroup">
    <keyboard-shortcut first-keystroke="page_down" />
  </action>
  <action id="SearchEverywhere.NavigateToPrevGroup">
    <keyboard-shortcut first-keystroke="page_up" />
  </action>
  <action id="ShowNavBar">
    <keyboard-shortcut first-keystroke="alt home" />
  </action>
  <action id="Vcs.Log.Refresh" />
</keymap>