<application>
  <component name="FileTypeManager" version="18">
    <ignoreFiles list="*$py.class;*.pyc;*.pyo;*.rbc;*.yarb;*~;.DS_Store;.git;.hg;.svn;CVS;__pycache__;_svn;vssver.scc;vssver2.scc;" />
    <extensionMap>
      <mapping pattern="personal-chequing-txn-union-petastorm_onNvidia" type="AUTO_DETECTED" />
      <mapping pattern=".spec" type="PLAIN_TEXT" />
      <mapping pattern="test_apigateway" type="PLAIN_TEXT" />
      <mapping pattern="test" type="PLAIN_TEXT" />
      <mapping pattern="portainer" type="PLAIN_TEXT" />
      <mapping pattern="passkeys" type="PLAIN_TEXT" />
      <mapping pattern=".env_local" type="PLAIN_TEXT" />
      <mapping pattern="redis" type="PLAIN_TEXT" />
      <mapping pattern="default" type="PLAIN_TEXT" />
      <mapping pattern="temp" type="PLAIN_TEXT" />
      <mapping pattern=".dockerignore" type="PLAIN_TEXT" />
      <mapping pattern="temop" type="PLAIN_TEXT" />
      <mapping pattern="AWS_ECR_Token_Secret" type="PLAIN_TEXT" />
      <mapping pattern="awsecr-token" type="PLAIN_TEXT" />
      <mapping pattern="day1" type="PLAIN_TEXT" />
      <mapping pattern="test_access" type="PLAIN_TEXT" />
      <mapping pattern=".env_rds" type="PLAIN_TEXT" />
      <mapping pattern=".flake8" type="PLAIN_TEXT" />
      <mapping pattern=".env_rds_backup_2020_06_14" type="PLAIN_TEXT" />
      <mapping pattern="gitlab-highcpu" type="PLAIN_TEXT" />
      <mapping pattern="WORKSPACE" type="PLAIN_TEXT" />
      <mapping pattern="hazhir" type="PLAIN_TEXT" />
      <mapping pattern="kubectl-config" type="PLAIN_TEXT" />
      <mapping pattern=".env" type="PLAIN_TEXT" />
      <mapping pattern="gitlab-ci-deployment" type="PLAIN_TEXT" />
      <mapping pattern=".keep" type="PLAIN_TEXT" />
      <mapping pattern="CheckMysql" type="PLAIN_TEXT" />
      <mapping pattern="meta-runner" type="PLAIN_TEXT" />
      <mapping pattern="REBGC_1994-2019_failed_indices" type="PLAIN_TEXT" />
      <mapping pattern=".coveragerc" type="PLAIN_TEXT" />
      <mapping pattern="listing_column_order" type="PLAIN_TEXT" />
      <mapping ext="staging" type="PLAIN_TEXT" />
      <mapping ext="dev" type="PLAIN_TEXT" />
      <mapping ext="rds" type="PLAIN_TEXT" />
      <mapping ext="local" type="PLAIN_TEXT" />
      <mapping ext="rds_june16" type="PLAIN_TEXT" />
      <mapping ext="sample" type="PLAIN_TEXT" />
      <mapping ext="pem" type="PLAIN_TEXT" />
      <mapping ext="rds_june6" type="PLAIN_TEXT" />
      <mapping ext="cnf" type="PLAIN_TEXT" />
    </extensionMap>
  </component>
</application>